proveedor logistico,Tipo de Transporte
MAERSK,Maritimo FCL
MSC,Maritimo FCL
CMA-CGM,Maritimo FCL
EMC,Maritimo FCL
HPL,Maritimo FCL
OOCL,Maritimo FCL
WHL,Maritimo FCL
COSCO,Maritimo FCL
DOLE,Maritimo FCL
MARFRET,Maritimo FCL
YANG MING,Maritimo FCL
PIL,Maritimo FCL
ZIM,Maritimo FCL
SBM SEABOARD MARINE,Maritimo FCL
HMM,Maritimo FCL
KING OCEAN,Maritimo FCL
SACO SHIPPING S.A.,Maritimo LCL
CHARTER LINK LOGISTICS ECUADOR S.A.S.,Maritimo LCL
INCA LINES DEL ECUADOR INCALINES S.A.,Maritimo LCL
CRAFT ECUADOR MULTIMODAL CRAFTECMUL S.A.,Maritimo LCL
MARITIME SERVICES LINE DEL ECUADOR MSL DEL ECUADOR S.A.,Maritimo LCL
ECU - WORLDWIDE - (ECUADOR) S.A.,Maritimo LCL
AVIANCA,Aereo
AMERICAN AIRLINES,Aereo
COPA,Aereo
DHL EXPRESS ECUADOR S.A. - DHL AERO EXPRESO SA,Aereo
EQUINOXAIR S.A.S.,Aereo
LAN CARGO S.A.,Aereo
LATAM-AIRLINES ECUADOR S.A.,Aereo
LUFTHANSA CARGO AKTIENGESELLSCHAFT,Aereo
SANTA BARBARA AIRLINES,Aereo
MARTIN AIR,Aereo
AEROTRANSPORTES MAS DE CARGA S.A. DE C.V. DBA MASAIR,Aereo
TAM LINHAS AEREAS S.A. DBA LATAM AIRLINES BRASIL,Aereo
CATHAY PACIFIC,Aereo
AIR EUROPA,Aereo
AIR PORTUGAL,Aereo
POLAR AIR CARGO,Aereo
CARGOLUX GROUP / CARGOLUX AIRLINES INTERNATIONAL S.A,Aereo
QATAR AIRLINES,Aereo
TAP PORTGAL,Aereo
PLUS ULTRA LÍNEAS AÉREAS S.A.,Aereo
MASAIR CARGO AIRLINE,Aereo
BRITISH AIRWAYS,Aereo
EMIRATES,Aereo
TAMPA CARGO S.A.S.,Aereo
AIR FRANCE,Aereo
CHINA AIRLINES,Aereo
TURK HAVA YOLLARI ANONIM O. (Turkish Airlines),Aereo
AIR CANADA,Aereo
DELTA AIR LINES,Aereo
UNITED AIRLINES,Aereo
UPS UNITED PARCEL SERVICE / UNITED PARCEL SERVICE,Aereo
KLM,Aereo
IBERIA,Aereo
ATLAS AIR INC,Aereo
AEROMEXICO,Aereo
PRIME AIR S.A.,Aereo